{"cameraMode":{"drawMode":0,"name":"Shaded","section":"Shading Mode"},"sceneLighting":true,"audioPlay":false,"sceneViewState":{"showFog":true,"showMaterialUpdate":false,"showSkybox":true,"showFlares":true,"showImageEffects":true,"showParticleSystems":true},"in2DMode":false,"pivot":{"x":2.9728333950042726,"y":4.288379192352295,"z":0.04747862368822098},"rotation":{"x":-0.35071009397506716,"y":0.6113603115081787,"z":-0.3463147282600403,"w":-0.6191180348396301},"size":8.026265144348145,"orthographic":false}